Position	Base Call	Quality Score	A Value	C Value	G Value	T Value
1	N	0	13	28	127	7
2	N	0	26	52	220	24
3	N	0	149	271	534	14
4	N	0	199	348	531	10
5	N	0	630	783	187	68
6	N	0	713	833	125	59
7	N	0	270	530	94	582
8	N	0	494	624	175	294
9	N	0	281	221	328	72
10	N	0	73	762	98	137
11	N	0	148	172	50	653
12	N	0	82	134	44	907
13	N	0	42	1244	34	196
14	N	0	11	64	25	735
15	T	21	19	51	30	958
16	T	16	26	146	24	790
17	C	28	30	845	75	130
18	N	0	27	80	510	28
19	N	0	44	46	755	21
20	G	12	5	61	2022	9
21	C	22	15	876	225	92
22	T	50	5	52	37	889
23	T	57	20	20	23	827
24	T	45	29	33	36	922
25	G	52	0	27	957	45
26	T	45	6	0	17	697
27	T	19	134	3	27	785
28	A	21	890	3	32	134
29	G	32	6	15	515	2
30	C	27	83	761	57	28
31	A	20	645	144	9	25
32	G	32	0	26	395	0
33	C	53	16	866	25	1
34	C	57	38	790	1	22
35	G	57	29	2	619	21
36	G	53	0	0	1164	44
37	A	30	1340	3	0	65
38	T	29	115	1	24	1472
39	C	30	62	904	16	6
40	A	28	750	41	12	47
41	A	31	670	7	14	18
42	G	61	13	0	848	0
43	C	61	13	1017	2	10
44	T	61	5	0	20	764
45	T	34	0	7	7	832
46	A	61	1264	26	6	0
47	T	43	0	7	4	702
48	T	61	2	16	1	950
49	T	61	3	7	0	883
50	C	33	48	880	3	28
51	A	22	739	43	0	22
52	G	47	0	15	395	1
53	T	61	8	15	0	997
54	G	61	0	3	1362	0
55	C	61	3	888	11	1
56	C	61	13	962	15	10
57	T	61	1	3	13	685
58	T	61	17	5	4	1194
59	G	61	0	0	1612	6
60	T	61	27	4	3	677
61	C	47	3	994	22	20
62	A	55	617	0	22	7
63	T	61	1	7	22	794
64	T	61	5	8	5	1107
65	C	61	7	1031	3	26
66	G	61	18	4	580	13
67	G	49	0	0	1124	5
68	T	55	24	0	0	968
69	T	61	2	13	20	1228
70	C	61	13	1187	14	17
71	T	55	9	4	5	843
72	T	61	6	43	15	945
73	T	44	23	96	5	1089
74	G	44	8	93	884	12
75	A	31	1085	41	7	71
76	A	59	932	7	27	91
77	C	59	1	842	27	152
78	A	59	849	0	17	119
79	G	52	12	1	604	33
80	T	59	51	11	26	875
81	G	61	16	8	1607	2
82	C	61	13	993	39	10
83	T	61	2	8	39	988
84	T	61	8	0	7	956
85	T	61	12	8	0	1003
86	C	59	1	893	2	20
87	A	59	714	0	10	12
88	T	61	8	2	18	822
89	T	61	30	3	0	1276
90	T	61	8	3	0	950
91	C	61	17	1071	0	10
92	G	61	0	0	537	9
93	T	61	7	7	5	865
94	C	61	22	1490	4	12
95	T	61	3	13	4	728
96	G	61	14	0	1510	0
97	A	61	1671	10	20	11
98	C	61	14	743	10	24
99	A	59	760	1	8	9
100	G	61	6	13	566	3
101	T	61	18	0	3	934
102	T	61	10	13	0	1135
103	C	61	8	1001	0	19
104	G	61	11	3	504	7
105	A	61	779	13	6	16
106	A	61	1297	0	1	26
107	A	61	862	0	22	15
108	T	61	12	0	7	1010
109	T	61	21	3	1	1154
110	C	61	8	964	0	18
111	A	61	745	9	4	16
112	T	61	6	3	1	785
113	G	61	1	2	2087	12
114	T	61	17	0	17	1179
115	T	61	3	6	11	938
116	C	59	10	965	17	10
117	A	59	745	0	1	27
118	G	61	0	15	606	26
119	C	61	3	1083	10	26
120	C	61	15	1332	5	31
121	G	61	5	9	681	11
122	C	61	7	1059	8	22
123	C	61	25	857	6	12
124	A	61	652	19	8	21
125	C	61	18	899	10	14
126	A	39	819	14	11	23
127	A	30	720	2	5	12
128	A	32	983	5	0	51
129	T	18	9	358	7	545
130	C	39	16	978	2	32
131	A	12	433	243	17	13
132	T	10	186	155	56	236
133	G	12	153	203	309	293
134	G	26	4	6	913	8
135	T	36	16	7	10	752
136	G	61	10	3	1490	5
137	G	61	23	0	1029	4
138	A	59	1307	12	3	10
139	C	61	10	866	12	2
140	G	61	21	7	752	13
141	T	61	30	1	8	1114
142	A	61	947	8	0	21
143	T	61	12	0	6	792
144	T	61	14	18	0	984
145	C	61	7	1161	0	17
146	C	61	5	728	4	17
147	T	61	6	18	5	792
148	C	61	0	1172	8	12
149	G	61	10	8	719	6
150	C	61	3	925	4	7
151	C	61	6	1074	0	10
152	T	61	12	17	3	733
153	C	61	3	1167	1	11
154	T	61	11	3	30	724
155	G	61	3	0	1518	10
156	G	61	0	0	1900	5
157	T	61	6	1	19	965
158	T	61	12	0	4	1144
159	T	61	5	24	0	814
160	C	61	6	937	0	13
161	C	61	14	679	1	3
162	A	59	692	5	0	15
163	T	61	8	3	18	797
164	G	61	16	0	1207	7
165	A	61	987	0	0	9
166	A	61	719	0	13	5
167	G	61	2	2	532	18
168	T	61	20	3	5	1098
169	A	61	941	0	0	17
170	T	61	14	12	5	671
171	C	61	7	880	2	3
172	T	61	3	4	7	666
173	G	61	7	2	1296	0
174	T	61	9	17	5	804
175	C	61	6	1047	0	10
176	C	61	8	835	10	18
177	T	61	4	1	27	678
178	G	61	1	16	1801	7
179	C	61	11	865	15	6
180	A	61	603	21	6	8
181	C	61	8	681	6	5
182	C	61	2	781	10	17
183	T	61	4	1	24	723
184	G	61	0	5	1350	6
185	G	61	0	7	912	1
186	G	61	2	1	1183	4
187	T	61	8	20	11	1019
188	C	61	4	1233	7	15
189	T	61	10	10	10	817
190	T	61	1	17	11	775
191	C	61	9	962	8	6
192	A	61	543	12	19	3
193	G	59	3	0	450	1
194	G	44	16	0	2206	0
195	A	59	1232	0	0	21
196	T	61	12	0	19	749
197	G	61	7	14	1040	10
198	C	61	10	902	14	4
199	T	61	16	1	4	661
200	A	61	675	0	6	9
201	A	61	788	0	4	15
202	T	61	11	8	2	627
203	C	61	7	998	0	7
204	C	61	20	685	0	7
205	A	61	582	6	0	16
206	T	61	4	13	0	661
207	C	61	3	939	0	7
208	T	61	4	0	10	646
209	G	61	2	0	1128	4
210	T	61	9	18	2	715
211	C	61	7	966	3	11
212	G	61	2	5	555	11
213	T	61	2	22	6	642
214	C	61	3	1131	0	9
215	C	61	18	528	0	8
216	A	61	618	15	9	10
217	C	61	6	672	13	10
218	G	61	3	4	698	9
219	G	61	5	10	1184	2
220	C	61	0	658	7	14
221	T	61	4	3	1	697
222	T	61	7	17	1	756
223	C	61	0	1077	5	10
224	G	61	3	9	344	1
225	T	61	3	0	22	619
226	G	61	7	9	1327	8
227	C	61	4	752	14	1
228	G	61	18	6	605	3
229	A	61	899	0	8	5
230	G	61	14	3	514	0
231	A	61	926	10	10	2
232	C	61	11	682	22	12
233	G	61	2	5	585	11
234	G	61	1	0	1107	11
235	T	61	5	2	19	696
236	G	61	1	8	958	8
237	C	61	9	797	11	5
238	C	61	10	750	10	7
239	G	61	10	3	477	7
240	G	61	24	2	1180	5
241	A	61	1183	0	11	22
242	G	61	13	0	441	12
243	T	61	18	0	7	830
244	A	61	727	1	9	7
245	A	61	648	0	10	23
246	T	61	9	18	7	649
247	C	61	4	1000	2	18
248	T	61	4	5	4	590
249	T	61	4	21	4	773
250	C	59	6	901	2	13
251	C	55	14	564	0	20
252	T	59	7	17	4	518
253	C	61	6	841	5	14
254	G	61	16	7	470	5
255	A	61	637	2	4	10
256	A	61	735	12	4	10
257	C	61	10	570	6	14
258	T	61	10	4	6	661
259	T	61	12	3	11	721
260	G	61	15	0	767	5
261	A	61	688	1	6	8
262	A	61	586	12	11	9
263	C	61	14	569	4	12
264	A	61	574	15	4	7
265	C	61	11	740	1	0
266	G	61	12	7	387	0
267	C	61	11	783	6	1
268	A	61	460	14	10	11
269	C	61	15	546	3	1
270	A	61	555	9	4	5
271	C	61	10	754	3	12
272	T	61	13	10	1	549
273	C	61	7	783	7	6
274	T	61	1	2	21	492
275	G	61	2	5	941	7
276	T	61	0	18	1	547
277	C	59	3	770	1	10
278	C	61	8	534	7	16
279	G	61	5	15	512	10
280	C	61	1	780	5	10
281	T	61	8	0	10	650
282	T	61	0	6	29	745
283	G	61	2	15	1219	9
284	C	61	11	582	12	4
285	A	61	499	5	11	10
286	G	61	4	0	380	1
287	G	61	16	5	1246	3
288	A	61	888	0	6	3
289	A	61	551	12	9	8
290	C	61	7	744	10	13
291	T	61	2	6	18	568
292	T	61	5	0	17	681
293	G	61	0	9	835	7
294	C	61	3	587	4	2
295	G	55	3	10	422	6
296	C	61	14	712	3	2
297	A	61	641	13	9	2
298	C	61	8	563	0	3
299	C	61	4	626	6	4
300	T	61	6	9	0	530
301	C	61	2	702	7	7
302	G	61	2	4	488	6
303	G	61	4	9	514	10
304	T	61	1	20	4	573
305	C	61	12	765	1	9
306	A	61	620	14	9	11
307	C	61	9	588	8	5
308	G	61	1	2	591	5
309	G	61	3	5	979	5
310	T	61	0	6	14	490
311	G	61	4	0	985	3
312	G	61	4	2	1144	9
313	T	61	0	4	13	639
314	G	61	8	0	978	9
315	T	61	0	7	8	682
316	T	61	1	7	0	619
317	C	61	9	606	4	5
318	A	61	537	3	6	13
319	G	61	2	8	313	6
320	C	61	13	638	2	0
321	A	61	534	5	0	6
322	T	61	3	11	0	485
323	C	61	2	798	3	4
324	T	61	9	2	1	451
325	T	61	2	0	15	693
326	G	61	6	1	1072	7
327	T	61	5	9	10	467
328	C	61	3	684	0	5
329	C	61	12	439	0	6
330	A	61	493	0	7	4
331	G	61	2	0	494	4
332	G	61	3	0	543	10
333	T	61	3	0	3	714
334	T	61	1	1	2	694
335	T	61	0	0	14	560
336	G	61	4	10	1033	4
337	C	61	2	632	9	0
338	C	61	10	527	1	4
339	A	61	460	2	8	13
340	T	61	6	0	15	548
341	G	61	13	8	1191	5
342	C	61	5	624	4	3
343	T	61	2	8	3	497
344	C	61	0	635	0	5
345	C	55	8	575	0	7
346	C	61	3	571	3	4
347	T	61	1	8	0	481
348	C	61	5	677	0	5
349	C	61	5	504	9	5
350	G	61	0	2	522	8
351	G	61	6	0	1024	7
352	T	61	11	1	5	599
353	A	61	614	10	0	3
354	C	61	7	633	0	8
355	C	61	7	533	3	1
356	G	61	6	7	455	0
357	C	61	0	628	2	6
358	C	61	2	639	9	7
359	G	61	4	5	408	4
360	C	61	5	622	3	0
361	T	61	5	6	3	560
362	C	61	1	635	0	6
363	T	61	3	4	7	671
364	G	61	5	11	658	5
365	C	61	0	643	4	4
366	T	61	1	2	10	479
367	G	61	0	0	742	2
368	G	61	7	0	885	0
369	A	61	815	0	3	9
370	T	61	4	1	13	533
371	G	61	4	1	832	4
372	G	61	7	11	1146	3
373	C	61	0	520	7	2
374	G	61	14	2	402	0
375	A	61	779	0	3	13
376	T	61	4	5	7	587
377	G	61	8	11	631	3
378	C	61	3	728	3	0
379	C	61	5	541	6	9
380	C	61	11	434	6	5
381	A	61	504	1	0	9
382	T	61	3	9	0	481
383	C	61	10	679	0	7
384	A	61	447	6	3	12
385	C	61	3	444	0	7
386	C	61	11	519	0	11
387	A	61	390	7	12	5
388	C	61	5	635	7	9
389	G	61	10	3	445	1
390	G	61	9	8	700	0
391	C	61	0	500	0	6
392	T	61	0	2	5	483
393	T	61	0	9	22	618
394	G	55	11	8	1225	4
395	C	55	1	421	8	7
396	T	61	6	2	10	515
397	G	61	9	0	696	4
398	T	61	7	0	4	507
399	T	61	0	4	0	567
400	T	61	0	10	2	509
401	C	61	3	554	4	5
402	A	61	465	0	19	8
403	G	61	4	1	298	3
404	G	61	13	3	1426	0
405	A	61	662	0	5	2
406	A	61	545	0	10	4
407	G	61	6	1	382	9
408	T	61	5	11	0	595
409	C	61	4	680	6	6
410	G	61	19	3	273	3
411	A	61	779	0	2	11
412	T	61	6	3	7	567
413	T	61	1	0	0	682
414	T	61	8	7	2	626
415	C	61	0	549	5	4
416	C	61	4	422	3	15
417	C	61	6	444	2	8
418	A	61	484	1	9	8
419	G	61	2	2	323	1
420	G	61	5	0	643	11
421	T	61	0	5	6	604
422	C	61	0	653	6	6
423	T	61	2	3	12	506
424	G	61	1	10	822	2
425	C	61	3	703	2	4
426	C	61	3	445	3	3
427	A	61	381	3	2	5
428	C	61	1	455	5	13
429	T	61	0	6	6	510
430	C	61	3	655	0	13
431	C	61	0	508	0	14
432	C	61	0	448	8	16
433	G	61	9	0	325	0
434	A	61	760	2	5	2
435	G	61	0	1	407	0
436	G	61	0	0	863	0
437	G	61	13	10	1184	8
438	C	61	1	586	4	8
439	C	61	0	524	10	6
440	G	61	7	1	456	0
441	G	61	3	9	767	2
442	C	61	0	480	4	2
443	C	61	6	426	0	9
444	A	61	467	0	3	11
445	G	61	2	0	363	7
446	T	61	0	0	0	478
447	T	61	3	7	8	655
448	G	61	3	3	656	2
449	G	61	11	1	904	7
450	T	61	0	0	8	580
451	G	61	3	0	873	2
452	G	61	9	0	898	1
453	G	61	11	6	1053	3
454	C	61	0	592	3	2
455	C	61	4	565	1	4
456	A	61	464	3	6	13
457	C	61	2	434	3	7
458	C	61	9	442	5	12
459	A	61	367	0	8	9
460	G	61	1	3	263	0
461	C	61	4	491	5	0
462	A	61	395	0	13	0
463	G	61	0	0	266	1
464	G	61	14	6	1322	0
465	C	61	0	515	3	1
466	C	61	0	490	1	2
467	C	61	4	448	2	7
468	C	61	5	433	1	4
469	A	61	377	3	6	4
470	C	61	2	389	2	2
471	A	61	426	0	5	6
472	G	61	3	3	293	1
473	C	61	0	489	0	5
474	T	61	2	2	0	482
475	T	61	8	8	0	530
476	C	61	0	701	0	0
477	T	61	8	1	0	329
478	T	61	3	0	11	549
479	G	61	12	4	862	1
480	C	61	1	462	0	4
481	C	61	1	497	0	17
482	T	61	1	0	0	365
483	T	61	0	0	9	582
484	G	61	1	5	675	0
485	C	61	4	389	0	13
486	A	61	403	0	4	3
487	G	61	1	0	229	1
488	G	61	13	0	1197	2
489	A	61	710	0	1	6
490	T	61	0	2	9	410
491	G	61	0	0	678	0
492	G	61	1	2	831	0
493	G	61	6	0	666	0
494	G	61	9	1	566	0
495	A	61	737	4	3	6
496	C	61	3	610	0	5
497	A	61	401	0	16	5
498	G	61	0	4	484	3
499	C	61	0	457	0	2
500	C	61	8	404	2	7
501	A	61	331	0	6	4
502	G	61	6	1	257	0
503	A	61	664	4	1	9
504	A	61	440	0	2	8
505	T	61	1	0	9	379
506	G	61	13	0	879	0
507	G	61	5	6	614	0
508	C	61	0	437	0	0
509	C	61	0	396	2	2
510	C	61	0	420	6	3
511	G	61	2	2	363	0
512	C	61	1	429	0	3
513	A	61	459	2	3	8
514	C	61	0	354	1	0
515	C	61	10	457	0	12
516	T	61	0	3	2	373
517	G	61	8	3	527	0
518	A	61	562	0	0	11
519	A	61	338	0	1	5
520	A	61	425	1	2	7
521	C	61	0	410	0	9
522	T	61	0	2	0	391
523	C	61	0	488	1	1
524	G	61	11	0	257	6
525	A	61	418	8	0	5
526	T	61	6	5	0	666
527	C	61	0	399	0	0
528	A	61	432	0	3	4
529	G	61	0	3	223	2
530	C	61	1	415	0	2
531	A	61	368	0	4	5
532	G	47	2	0	217	0
533	G	61	14	1	1205	2
534	T	61	8	5	0	506
535	C	61	0	562	3	3
536	T	61	0	1	4	380
537	C	61	2	460	9	6
538	T	61	4	0	6	533
539	G	61	0	0	544	5
540	T	61	4	3	1	388
541	A	61	450	3	1	4
542	G	61	0	4	198	0
543	C	61	2	417	0	3
544	A	61	385	0	6	4
545	C	53	0	364	6	8
546	T	61	4	1	0	462
547	C	61	0	467	6	9
548	G	61	2	0	261	4
549	A	61	371	0	0	9
550	C	61	0	390	1	5
551	C	53	5	338	0	11
552	A	61	382	0	1	10
553	G	61	1	3	228	4
554	A	61	625	0	0	4
555	T	52	0	1	0	394
556	T	61	8	5	4	474
557	G	61	11	4	772	0
558	G	61	7	3	401	0
559	C	61	0	407	0	10
560	T	61	4	0	6	375
561	G	61	6	4	629	0
562	T	61	1	6	2	401
563	G	61	2	0	474	3
564	T	61	4	0	0	412
565	A	61	459	0	1	0
566	G	47	0	0	233	0
567	A	61	581	0	0	4
568	T	61	5	2	2	463
569	G	61	9	3	538	5
570	T	61	9	7	0	453
571	C	61	0	469	2	4
572	G	61	4	0	278	0
573	G	61	4	2	468	0
574	C	61	0	451	1	4
575	G	31	10	0	244	0
576	A	53	698	0	3	8
577	T	46	8	4	5	577
578	C	23	104	260	16	1
579	A	10	131	106	63	101
580	N	0	68	131	56	97
581	C	24	2	386	0	7
582	G	23	0	3	237	14
583	C	53	0	387	20	3
584	G	57	0	0	357	4
585	T	57	0	6	0	395
586	A	57	503	2	0	1
587	C	45	0	348	1	8
588	G	57	0	1	303	1
589	G	57	2	8	714	0
590	C	53	1	336	0	1
591	A	53	317	2	4	2
592	C	57	0	319	6	0
593	G	57	4	4	385	0
594	G	57	0	5	389	1
595	T	53	1	3	0	302
596	A	57	384	6	1	0
597	A	57	390	4	2	11
598	T	53	6	5	2	331
599	T	57	0	7	10	492
600	G	57	0	8	542	0
601	G	47	5	1	333	0
602	A	53	594	3	4	10
603	T	39	23	2	2	378
604	T	57	3	0	0	458
605	T	57	0	3	0	389
606	T	57	4	3	0	342
607	T	57	4	3	8	362
608	G	52	15	1	427	0
609	A	57	574	0	2	5
610	A	57	455	6	0	3
611	C	52	7	360	1	4
612	C	52	9	349	3	12
613	A	45	300	12	0	0
614	C	57	4	291	0	16
615	T	57	9	1	0	344
616	T	57	16	4	0	439
617	A	53	407	0	1	18
618	T	53	18	5	3	270
619	C	52	14	343	0	5
620	A	45	296	4	1	3
621	A	57	265	4	3	0
622	A	57	445	8	5	0
623	C	53	6	289	0	11
624	C	53	16	311	3	15
625	A	50	284	1	0	14
626	T	53	8	2	0	318
627	T	57	7	4	0	481
628	T	57	1	0	0	441
629	T	57	5	2	1	377
630	T	53	2	11	7	353
631	C	57	0	409	0	16
632	C	57	6	390	6	20
633	G	43	1	9	227	0
634	C	53	0	427	4	28
635	T	57	2	2	1	424
636	T	57	4	15	6	371
637	C	57	7	435	0	16
638	A	40	273	22	0	3
639	C	53	10	278	0	10
640	C	57	0	350	5	19
641	G	57	0	3	288	0
642	G	53	14	1	306	1
643	A	47	508	0	11	15
644	G	25	21	0	223	5
645	G	53	10	0	607	8
646	T	50	0	13	4	388
647	C	57	0	430	5	21
648	T	57	0	5	15	355
649	G	57	0	16	385	3
650	C	53	4	396	0	7
651	A	53	237	12	2	2
652	C	53	4	283	4	7
653	C	57	1	310	3	16
654	T	53	2	6	9	278
655	G	57	22	1	420	2
656	A	57	467	3	11	0
657	G	25	9	13	164	0
658	C	57	1	362	10	3
659	G	53	31	0	250	1
660	A	53	451	0	14	10
661	T	33	4	3	22	319
662	G	57	10	0	435	0
663	G	52	1	1	593	9
664	T	45	4	4	31	317
665	G	53	5	6	468	12
666	T	50	7	11	21	338
667	C	53	14	400	1	13
668	A	45	280	10	8	10
669	T	53	14	17	2	274
670	C	57	4	417	3	4
671	C	41	14	266	7	3
672	A	45	247	10	3	6
673	T	53	3	21	0	259
674	C	57	10	363	1	9
675	A	53	267	6	12	1
676	G	35	2	13	130	3
677	C	57	1	345	4	8
678	T	53	0	1	2	329
679	T	57	2	7	0	373
680	T	57	6	2	1	383
681	T	47	8	0	0	291
682	T	57	9	1	12	317
683	G	32	23	0	310	0
684	A	57	496	0	9	2
685	A	57	382	9	5	4
686	C	33	10	263	2	17
687	T	53	6	8	15	301
688	G	57	5	11	415	0
689	C	53	0	293	19	6
690	G	53	5	6	222	0
691	G	43	20	1	296	0
692	A	37	512	0	8	31
693	T	38	44	13	1	555
694	C	50	9	329	0	13
695	A	43	317	20	6	15
696	T	50	16	14	0	257
697	C	57	0	398	0	26
698	T	53	1	15	5	248
699	T	57	5	3	0	368
700	T	50	25	2	0	334
701	A	45	306	16	4	12
702	C	52	17	354	7	12
703	G	36	2	23	149	0
704	C	53	16	408	6	11
705	A	42	278	24	3	0
706	A	50	244	14	7	0
707	C	50	24	292	1	4
708	A	45	259	13	6	12
709	T	50	16	3	4	239
710	A	53	319	17	0	14
711	C	45	23	240	2	9
712	A	34	212	12	3	3
713	A	52	270	13	1	5
714	C	53	5	253	1	5
715	C	57	3	322	14	7
716	G	50	5	6	206	14
717	T	45	11	6	8	241
718	A	53	368	0	14	8
719	G	22	17	2	153	0
720	G	52	7	22	484	1
721	C	50	1	357	17	11
722	C	53	0	318	2	20
723	T	50	1	39	0	287
724	C	46	0	382	2	21
725	C	46	2	303	7	21
726	T	38	12	13	22	232
727	G	53	28	3	415	8
728	A	52	442	0	21	1
729	G	29	52	0	174	0
730	A	38	399	20	11	7
731	C	30	45	304	12	24
732	T	37	9	16	21	261
733	G	53	5	25	483	1
734	C	42	0	334	37	8
735	G	40	9	10	216	0
736	G	38	10	21	308	4
737	C	42	0	287	23	17
738	T	53	4	13	7	288
739	T	37	1	7	31	374
740	G	53	9	12	591	10
741	C	16	0	232	34	7
742	C	57	0	301	14	5
743	G	30	32	10	170	0
744	A	37	440	22	15	5
745	C	32	42	324	13	11
746	G	30	33	19	154	0
747	A	50	494	1	9	23
748	T	42	51	0	1	297
749	T	57	9	5	0	387
750	T	37	1	18	1	335
751	C	27	0	304	1	12
752	C	31	4	259	5	1
753	C	34	19	246	10	2
754	A	37	268	19	14	0
755	G	35	6	0	177	6
756	T	52	0	0	8	288
757	T	52	5	0	19	383
758	G	53	2	0	323	27
759	T	34	0	17	28	234
760	C	53	0	327	7	24
761	T	30	1	26	25	234
762	G	52	5	4	498	0
763	G	53	5	1	709	11
764	T	27	0	0	33	303
765	T	57	2	0	1	372
766	T	39	0	17	3	285
767	C	40	0	337	1	38
768	T	18	1	28	0	223
769	T	40	2	22	1	300
770	C	48	0	369	9	33
771	G	36	0	39	147	0
772	C	42	1	248	16	20
773	T	37	4	15	5	304
774	T	57	2	0	0	299
775	T	45	5	7	0	306
776	C	36	0	267	8	25
777	G	29	0	29	150	0
778	C	37	26	246	16	2
779	A	44	302	36	6	1
780	C	35	25	215	21	2
781	G	36	8	10	248	12
782	T	41	6	0	11	299
783	T	34	4	9	0	293
784	C	34	28	261	2	18
785	A	37	216	54	1	0
786	C	32	17	265	1	2
787	C	40	0	238	14	0
788	G	33	0	13	235	0
789	G	37	3	9	224	0
790	C	38	0	248	11	7
791	C	24	25	221	0	8
792	A	35	234	20	8	1
793	G	28	24	12	128	0
794	C	48	19	248	9	5
795	A	48	218	15	4	0
796	G	17	25	16	90	2
797	C	44	10	269	8	12
798	A	35	209	46	0	9
799	C	33	23	209	9	13
800	G	32	3	9	202	21
801	T	40	3	32	10	269
802	C	37	12	317	0	25
803	A	26	161	44	0	19
804	T	34	21	23	2	211
805	C	31	0	328	0	29
806	C	24	22	211	0	16
807	A	35	209	13	4	28
808	T	35	18	19	0	214
809	C	48	13	273	0	26
810	A	34	216	23	0	26
811	T	32	53	0	1	173
812	A	33	291	0	1	25
813	A	57	260	0	5	0
814	A	43	268	1	17	2
815	G	31	37	3	200	0
816	G	31	6	49	411	3
817	C	34	9	306	62	2
818	A	24	209	34	7	6
819	A	32	290	19	11	0
820	C	30	22	243	26	5
821	G	31	0	20	219	1
822	G	40	0	20	323	0
823	C	32	14	241	26	7
824	A	30	159	63	0	1
825	C	48	12	237	8	8
826	G	35	33	17	177	13
827	A	29	279	54	15	7
828	C	29	18	370	8	13
829	C	26	0	235	21	8
830	G	29	1	44	209	2
831	C	39	0	267	19	26
832	T	30	0	30	0	245
833	T	51	2	2	1	325
834	T	46	3	19	0	306
835	C	29	0	242	0	61
836	C	30	21	216	7	26
837	A	29	187	38	23	12
838	G	32	15	1	202	1
839	G	51	7	3	428	0
840	G	43	7	0	487	15
841	T	30	1	1	76	241
842	G	30	2	36	306	17
843	C	34	2	275	54	13
844	G	30	10	22	218	4
845	G	31	33	0	248	2
846	A	31	389	0	32	2
847	A	51	301	0	2	10
848	A	39	271	0	27	4
849	G	30	74	1	233	3
850	A	45	354	0	52	5
851	G	17	40	1	175	33
852	T	33	0	37	31	243
853	C	34	23	290	1	41
854	A	28	174	74	2	3
855	C	33	15	223	0	8
856	C	38	0	267	17	20
857	G	37	0	18	178	24
858	T	28	0	2	48	172
859	G	47	22	3	340	15
860	A	17	281	0	21	85
861	T	34	69	21	0	382
862	C	28	1	239	0	78
863	T	24	0	41	0	215
864	T	51	0	1	0	303
865	T	30	0	4	26	273
866	G	30	4	3	274	29
867	G	29	2	31	266	0
868	C	28	0	228	63	1
869	G	19	7	66	183	3
870	C	29	0	271	34	36
871	T	29	5	40	22	259
872	G	26	54	6	180	25
873	A	34	405	0	26	40
874	T	13	119	3	20	185
875	G	28	50	0	236	25
876	A	29	331	0	49	33
877	T	15	86	1	27	183
878	G	28	2	55	226	17
879	C	29	0	259	52	10
880	G	18	6	68	119	0
881	C	29	34	231	10	9
882	A	29	248	42	0	33
883	T	24	90	0	0	181
884	A	29	269	0	1	65
885	T	20	66	0	1	226
886	T	29	0	37	0	260
887	C	34	22	257	0	38
888	A	23	157	51	5	43
889	T	33	30	0	1	230
890	T	51	0	2	0	349
891	T	51	5	3	0	326
892	T	51	0	0	0	304
893	T	51	1	2	7	290
894	T	32	8	4	33	270
895	G	35	1	56	331	25
896	C	27	0	221	94	39
897	T	33	1	78	0	234
898	C	29	0	252	1	80
899	T	30	0	46	3	224
900	T	29	7	41	0	239
901	C	29	43	250	1	52
902	A	18	164	54	7	41
903	T	29	25	5	6	208
904	T	32	1	32	0	259
905	C	29	20	208	1	50
906	A	18	137	53	19	5
907	G	17	18	0	87	39
908	T	43	2	4	17	239
909	T	51	3	4	2	317
910	T	30	5	3	25	250
911	G	36	0	0	298	56
912	T	20	5	1	43	220
913	T	22	8	1	29	239
914	G	17	57	3	204	16
915	A	29	319	0	68	0
916	G	16	56	46	179	5
917	C	24	33	198	38	1
918	A	29	218	37	5	0
919	A	51	230	0	3	2
920	A	51	276	3	1	1
921	A	30	254	32	0	6
922	C	26	43	176	3	40
923	T	28	0	44	0	212
924	T	38	0	40	0	232
925	C	41	29	230	0	24
926	A	21	122	43	16	0
927	N	0	96	0	76	1
928	A	46	404	0	40	6
929	G	23	58	1	185	6
930	G	34	1	0	285	58
931	T	31	40	0	72	222
932	A	33	240	0	23	41
933	G	22	33	4	130	36
934	T	26	0	7	63	187
935	G	26	0	55	304	21
936	C	21	0	223	110	8
937	N	0	3	266	22	3
938	N	0	14	7	251	0
939	N	0	116	0	284	0
940	A	10	342	0	13	6
941	N	0	34	1	180	61
942	T	13	7	2	88	235
943	G	20	56	6	249	22
944	A	24	232	59	57	3
945	C	22	59	221	17	6
946	G	15	47	37	110	1
947	A	29	303	63	24	5
948	C	25	69	271	0	43
949	T	26	57	49	0	157
950	A	34	261	51	0	45
951	C	10	58	247	18	10
952	G	20	0	8	264	0
953	G	12	0	78	295	5
954	C	14	0	185	56	57
955	T	29	0	41	1	232
956	T	12	2	0	0	312
957	T	15	10	0	21	303
958	N	0	3	3	201	83